Spieler,Klub,Alter,Position,Nationalität
J. von Moos,Servette FC,23,Stürmer,Schweiz / Brasilien
,,,,
D. von Ballmoos,BSC Young Boys,30,Torhüter,Schweiz
,,,,
F. van Breemen,FC Basel 1893,21,Verteidiger,Niederlande
,,,,
Gonçalo Esteves,Yverdon Sport FC,20,Verteidiger,Portugal
,,,,
K. de la Fuente,FC Lausanne-Sport,23,Stürmer,USA
,,,,
F. de Carvalho,Grasshopper Club Zürich,21,Mittelfeldspieler,Schweiz / Portugal
,,,,
J. Zé,FC Basel 1893,18,Mittelfeldspieler,Schweiz / Kamerun
,,,,
L. Zuffi,FC Winterthur,34,Mittelfeldspieler,Schweiz
,,,,
S. Zuber,FC Zürich,33,Mittelfeldspieler,Schweiz
,,,,
T. Zoukrou,BSC Young Boys,21,Verteidiger,Frankreich / Elfenbeinküste
,,,,
L. Zigi,FC St.Gallen 1879,28,Torhüter,Ghana
,,,,
R. Ziegler,FC Sion,39,Verteidiger,Schweiz
,,,,
M. Zanotti,FC Lugano,22,Verteidiger,Italien
,,,,
N. Yannick,FC St.Gallen 1879,20,Verteidiger,Kamerun
,,,,
T. Xhaka,FC Basel 1893,33,Mittelfeldspieler,Albanien / Schweiz
,,,,
C. Witzig,FC St.Gallen 1879,24,Mittelfeldspieler,Schweiz
,,,,
L. Winkler,FC Luzern,21,Mittelfeldspieler,Schweiz
,,,,
L. Watkowiak,FC St.Gallen 1879,28,Torhüter,Deutschland
,,,,
M. Walker,FC Luzern,20,Mittelfeldspieler,Schweiz
,,,,
M. Vukelic,FC Zürich,21,Verteidiger,Schweiz
,,,,
D. Vujevic,FC Zürich,18,Verteidiger,Schweiz
,,,,
N. Vouilloz,FC Basel 1893,23,Verteidiger,Schweiz
,,,,
N. Volken,FC Zürich,17,Verteidiger,Schweiz
,,,,
A. Vogt,FC St.Gallen 1879,20,Stürmer,Schweiz
,,,,
S. Vladi,FC Lugano,24,Stürmer,Kosovo / Schweiz
,,,,
A. Virginius,BSC Young Boys,22,Stürmer,Frankreich
,,,,
L. Villiger,FC Luzern,21,Stürmer,Schweiz
,,,,
T. Verón Lupi,Grasshopper Club Zürich,24,Stürmer,Argentinien / Italien
,,,,
A. Vasovic,FC Luzern,17,Stürmer,Schweiz / Serbien
,,,,
V. Vasic,FC Luzern,34,Torhüter,Serbien / Schweiz
,,,,
H. Vandermersch,FC St.Gallen 1879,25,Verteidiger,Frankreich
,,,,
A. Vallci,FC St.Gallen 1879,29,Verteidiger,Österreich
,,,,
M. Valenzuela,FC Lugano,26,Verteidiger,Argentinien / USA
,,,,
D. Ulrich,FC Winterthur,26,Mittelfeldspieler,Schweiz
,,,,
F. Ugrinic,BSC Young Boys,26,Mittelfeldspieler,Schweiz / Serbien
,,,,
T. Turhan,Grasshopper Club Zürich,17,Stürmer,Schweiz
,,,,
K. Tsunemoto,Servette FC,26,Verteidiger,Japan
,,,,
E. Tsimba,BSC Young Boys,18,Stürmer,Schweiz
,,,,
C. Tsawa,FC Zürich,18,Mittelfeldspieler,Schweiz
,,,,
B. Traoré,FC Basel 1893,22,Stürmer,Elfenbeinküste
,,,,
B. Toma,FC St.Gallen 1879,25,Mittelfeldspieler,Schweiz
,,,,
M. Tijani,Yverdon Sport FC,27,Verteidiger,Benin / Elfenbeinküste
,,,,
S. Tavares,Yverdon Sport FC,18,Verteidiger,Schweiz / Portugal
,,,,
V. Tasar,Yverdon Sport FC,28,Stürmer,Deutschland / Türkei
,,,,
K. Sène,FC Lausanne-Sport,23,Stürmer,Senegal
,,,,
F. Sylla,Yverdon Sport FC,18,Mittelfeldspieler,Frankreich / Guinea
,,,,
S. Stroscio,Grasshopper Club Zürich,21,Mittelfeldspieler,Schweiz / Italien
,,,,
B. Stillhart,FC Winterthur,30,Mittelfeldspieler,Schweiz
,,,,
M. Stevanovic,Servette FC,34,Mittelfeldspieler,Bosnien-Herzegowina / Serbien
,,,,
M. Stevanovic,FC St.Gallen 1879,23,Mittelfeldspieler,Serbien / Schweiz
,,,,
R. Steffen,FC Lugano,33,Mittelfeldspieler,Schweiz
,,,,
A. Stankovic,FC Luzern,19,Mittelfeldspieler,Serbien / Slowenien
,,,,
J. Stanic,FC St.Gallen 1879,25,Verteidiger,Kroatien / Deutschland
,,,,
L. Srdanovic,Servette FC,18,Verteidiger,Schweiz
,,,,
T. Spycher,FC Basel 1893,20,Torhüter,Schweiz
,,,,
A. Spagnoli,FC Winterthur,19,Torhüter,Schweiz / Italien
,,,,
K. Spadanuda,FC Luzern,28,Mittelfeldspieler,Schweiz / Italien
,,,,
N. Sow,FC Sion,26,Verteidiger,Frankreich / Senegal
,,,,
K. Sow,FC Lausanne-Sport,21,Verteidiger,Schweiz / Senegal
,,,,
M. Soticek,FC Basel 1893,20,Mittelfeldspieler,Kroatien
,,,,
D. Sorgic,FC Sion,35,Stürmer,Serbien / Schweiz
,,,,
R. Smith,BSC Young Boys,18,Verteidiger,Schweiz
,,,,
Romário Baró,FC Basel 1893,25,Mittelfeldspieler,Portugal / Guinea-Bissau
,,,,
G. Sigua,FC Basel 1893,19,Mittelfeldspieler,Georgien
,,,,
S. Sidler,FC Winterthur,26,Verteidiger,Schweiz
,,,,
X. Shaqiri,FC Basel 1893,33,Mittelfeldspieler,Schweiz / Kosovo
,,,,
Y. Severin,Servette FC,28,Verteidiger,Frankreich
,,,,
M. Senaya,FC Lausanne-Sport,24,Verteidiger,Frankreich / Togo
,,,,
A. Seko,Grasshopper Club Zürich,24,Verteidiger,Japan
,,,,
L. Seji,Grasshopper Club Zürich,20,Torhüter,Schweiz
,,,,
M. Seiler,BSC Young Boys,19,Verteidiger,Schweiz / Finnland
,,,,
P. Schürpf,Grasshopper Club Zürich,35,Mittelfeldspieler,Schweiz
,,,,
T. Schättin,FC Winterthur,27,Verteidiger,Schweiz
,,,,
R. Schneider,FC Winterthur,23,Mittelfeldspieler,Schweiz / Philippinen
,,,,
B. Schmitz,Grasshopper Club Zürich,30,Verteidiger,Deutschland
,,,,
D. Schmid,FC Basel 1893,26,Verteidiger,Schweiz
,,,,
A. Sauthier,Yverdon Sport FC,34,Verteidiger,Schweiz
,,,,
A. Sanches,FC Lausanne-Sport,22,Mittelfeldspieler,Schweiz / Portugal
,,,,
M. Salvi,FC Basel 1893,31,Torhüter,Schweiz / Italien
,,,,
A. Saipi,FC Lugano,24,Torhüter,Kosovo / Schweiz
,,,,
L. Sahitaj,FC Winterthur,21,Verteidiger,Kosovo / Schweiz
,,,,
J. Sabobo,FC Zürich,19,Mittelfeldspieler,Sambia
,,,,
K. Rüegg,FC Basel 1893,26,Verteidiger,Schweiz / Kamerun
,,,,
Y. Ryter,FC Lugano,19,Mittelfeldspieler,Schweiz
,,,,
D. Rrudhani,FC Luzern,25,Mittelfeldspieler,Kosovo
,,,,
M. Rouiller,Yverdon Sport FC,19,Torhüter,Schweiz
,,,,
S. Rouiller,Servette FC,34,Verteidiger,Schweiz
,,,,
F. Rohner,FC Winterthur,26,Mittelfeldspieler,Schweiz
,,,,
Mauro Rodrigues,Yverdon Sport FC,23,Mittelfeldspieler,Guinea-Bissau / Portugal
,,,,
Ronaldo Tavares,Yverdon Sport FC,27,Stürmer,Portugal
,,,,
J. Roche,FC Lausanne-Sport,23,Mittelfeldspieler,Schweden
,,,,
D. Reverson,FC Zürich,21,Stürmer,Niederlande
,,,,
M. Reichmuth,FC Zürich,21,Mittelfeldspieler,Schweiz
,,,,
R. Raveloson,BSC Young Boys,28,Mittelfeldspieler,Madagaskar / Frankreich
,,,,
J. Quintillà,FC St.Gallen 1879,31,Mittelfeldspieler,Spanien
,,,,
F. Pseftis,FC Lugano,22,Torhüter,Griechenland
,,,,
K. Przybylko,FC Lugano,31,Stürmer,Polen / Deutschland
,,,,
N. Probst,FC St.Gallen 1879,20,Mittelfeldspieler,Schweiz
,,,,
M. Polster,FC Lausanne-Sport,22,Mittelfeldspieler,Österreich
,,,,
M. Poaty,FC Lausanne-Sport,27,Verteidiger,Kongo / Frankreich
,,,,
C. Piccini,Yverdon Sport FC,32,Verteidiger,Italien
,,,,
T. Pfeiffer,FC Basel 1893,19,Torhüter,Deutschland
,,,,
N. Persson,Grasshopper Club Zürich,21,Verteidiger,Schweden
,,,,
Keyan Varela,Servette FC,18,Stürmer,Portugal
,,,,
J. Perea,FC Zürich,25,Stürmer,Kolumbien
,,,,
M. Paskotsi,Grasshopper Club Zürich,22,Verteidiger,Estland
,,,,
I. Parra,FC Lausanne-Sport,17,Mittelfeldspieler,Schweiz
,,,,
A. Papadopoulos,FC Lugano,25,Verteidiger,Deutschland / Griechenland
,,,,
T. Owusu,FC Luzern,21,Mittelfeldspieler,Schweiz / Ghana
,,,,
F. Oviedo,FC Lausanne-Sport,21,Stürmer,Argentinien
,,,,
T. Ouattara,Servette FC,19,Stürmer,Schweiz / Elfenbeinküste
,,,,
S. Ottiger,FC Luzern,21,Verteidiger,Schweiz
,,,,
P. Otele,FC Basel 1893,25,Stürmer,Nigeria
,,,,
S. Osigwe,FC Lugano,30,Torhüter,Nigeria / Schweiz
,,,,
G. Ondoua,Servette FC,29,Mittelfeldspieler,Kamerun / Russland
,,,,
Kevin Carlos,FC Basel 1893,23,Stürmer,Spanien / Nigeria
,,,,
T. Okou,FC Lausanne-Sport,26,Stürmer,Frankreich / Elfenbeinküste
,,,,
C. Okoroji,FC St.Gallen 1879,27,Verteidiger,Deutschland
,,,,
A. Oko-Flex,FC Zürich,22,Stürmer,Republik Irland / England
,,,,
I. Okafor,FC Zürich,19,Mittelfeldspieler,Schweiz
,,,,
C. Nuñez,Yverdon Sport FC,27,Mittelfeldspieler,Paraguay
,,,,
M. Nuhu,FC St.Gallen 1879,28,Verteidiger,Ghana
,,,,
M. Ntelo,Yverdon Sport FC,23,Stürmer,Belgien / Demokratische Republik Kongo
,,,,
J. Nsame,FC St.Gallen 1879,31,Stürmer,Kamerun / Frankreich
,,,,
J. Nonge,Servette FC,19,Mittelfeldspieler,Belgien
,,,,
D. Ngonzo,FC Lausanne-Sport,19,Verteidiger,Schweiz / Demokratische Republik Kongo
,,,,
A. Ndoye,Servette FC,23,Stürmer,Senegal
,,,,
A. Ndiaye,FC Lugano,17,Torhüter,Schweiz
,,,,
T. Ndenge,Grasshopper Club Zürich,27,Mittelfeldspieler,Deutschland / Kamerun
,,,,
L. Mühl,FC Winterthur,28,Verteidiger,Deutschland
,,,,
D. Munroe,FC Zürich,16,Mittelfeldspieler,Schweiz
,,,,
G. Mulazzi,FC Sion,21,Verteidiger,Italien
,,,,
N. Muci,Grasshopper Club Zürich,22,Stürmer,Schweiz / Deutschland
,,,,
P. Moulin,FC Sion,21,Mittelfeldspieler,Schweiz
,,,,
K. Mouanga,FC Lausanne-Sport,24,Verteidiger,Kongo / Frankreich
,,,,
G. Morandi,Grasshopper Club Zürich,25,Mittelfeldspieler,Schweiz
,,,,
J. Monteiro,BSC Young Boys,25,Stürmer,Schweiz / Portugal
,,,,
A. Miranchuk,FC Sion,29,Mittelfeldspieler,Russland
,,,,
D. Mina,FC Lugano,19,Torhüter,Schweiz / Brasilien
,,,,
T. Meyer,Grasshopper Club Zürich,20,Mittelfeldspieler,Schweiz
,,,,
Metinho,FC Basel 1893,21,Mittelfeldspieler,Demokratische Republik Kongo / Brasilien
,,,,
B. Mendy,FC Zürich,30,Verteidiger,Frankreich / Senegal
,,,,
J. Mendes,FC Basel 1893,22,Verteidiger,Schweden / Demokratische Republik Kongo
,,,,
B. Mazikou,Servette FC,28,Verteidiger,Kongo / Frankreich
,,,,
E. Maurin,Grasshopper Club Zürich,23,Stürmer,Frankreich
,,,,
I. Mathew,FC Zürich,28,Mittelfeldspieler,Nigeria
,,,,
I. Maslarov,FC Lugano,18,Mittelfeldspieler,Schweiz / Mazedonien
,,,,
D. Marzino,BSC Young Boys,28,Torhüter,Schweiz
,,,,
K. Martin,Yverdon Sport FC,29,Torhüter,Schweiz
,,,,
J. Markelo,FC Zürich,22,Stürmer,Niederlande
,,,,
A. Marchesano,Yverdon Sport FC,34,Mittelfeldspieler,Schweiz
,,,,
F. Mambimbi,FC St.Gallen 1879,24,Stürmer,Schweiz
,,,,
J. Mall,Servette FC,33,Torhüter,Zypern / Schweiz
,,,,
D. Males,BSC Young Boys,23,Mittelfeldspieler,Schweiz
,,,,
L. Mai,FC Lugano,24,Verteidiger,Deutschland
,,,,
H. Mahou,FC Lugano,25,Mittelfeldspieler,Frankreich / Marokko
,,,,
H. Mahmoud,FC Lugano,24,Mittelfeldspieler,Tunesien
,,,,
M. Mahmoud,FC Zürich,20,Stürmer,Deutschland
,,,,
T. Magnin,Servette FC,21,Verteidiger,Schweiz
,,,,
R. Macek,FC Lugano,27,Mittelfeldspieler,Tschechische Republik
,,,,
L. Lüthi,FC Winterthur,21,Verteidiger,Schweiz
,,,,
J. Löfgren,FC Luzern,27,Verteidiger,Schweden
,,,,
J. Lukembila,FC Winterthur,25,Stürmer,Schweiz / Demokratische Republik Kongo
,,,,
P. Loretz,FC Luzern,21,Torhüter,Schweiz
,,,,
H. Lindner,FC Sion,34,Torhüter,Österreich
,,,,
C. Ligue,FC Zürich,19,Stürmer,Schweiz
,,,,
K. Letica,FC Lausanne-Sport,28,Torhüter,Kroatien
,,,,
L. Leroy,FC Basel 1893,25,Mittelfeldspieler,Frankreich
,,,,
B. Lekoueiry,FC Lausanne-Sport,19,Mittelfeldspieler,Mauretanien
,,,,
G. Lekaj,FC Winterthur,34,Verteidiger,Schweiz / Kosovo
,,,,
D. Leidner,FC Zürich,22,Verteidiger,Israel / Rumänien
,,,,
M. Legowski,Yverdon Sport FC,22,Mittelfeldspieler,Polen
,,,,
Lee Young-Jun,Grasshopper Club Zürich,21,Stürmer,Südkorea
,,,,
W. Le Pogam,Yverdon Sport FC,31,Verteidiger,Frankreich
,,,,
N. Lavanchy,FC Sion,31,Verteidiger,Schweiz
,,,,
S. Lauper,BSC Young Boys,28,Mittelfeldspieler,Schweiz
,,,,
B. Lasme,Grasshopper Club Zürich,26,Stürmer,Frankreich
,,,,
L. Lakomy,BSC Young Boys,24,Mittelfeldspieler,Polen
,,,,
M. Kuttin,Grasshopper Club Zürich,31,Torhüter,Österreich
,,,,
D. Kutesa,Servette FC,27,Mittelfeldspieler,Schweiz / Angola
,,,,
M. Kuster,FC Winterthur,31,Torhüter,Österreich
,,,,
M. Kryeziu,FC Zürich,28,Verteidiger,Kosovo / Schweiz
,,,,
J. Kronig,FC Sion,24,Verteidiger,Schweiz
,,,,
B. Krasniqi,FC Zürich,23,Mittelfeldspieler,Schweiz / Kosovo
,,,,
A. Krasniqi,FC Winterthur,21,Stürmer,Schweiz
,,,,
H. Kozarac,FC Luzern,18,Verteidiger,Schweiz
,,,,
G. Koutsias,FC Lugano,21,Stürmer,Griechenland
,,,,
Z. Kostadinovic,FC Zürich,32,Torhüter,Schweiz / Bosnien-Herzegowina
,,,,
C. Konietzke,FC St.Gallen 1879,18,Mittelfeldspieler,Schweiz
,,,,
V. Kongsro,Yverdon Sport FC,26,Verteidiger,Norwegen
,,,,
H. Komano,Yverdon Sport FC,24,Stürmer,Frankreich
,,,,
B. Kololli,FC Sion,32,Mittelfeldspieler,Kosovo / Schweiz
,,,,
K. Koindredi,FC Lausanne-Sport,23,Mittelfeldspieler,Frankreich
,,,,
S. Knezevic,FC Luzern,28,Verteidiger,Schweiz / Serbien
,,,,
T. Klidje,FC Luzern,23,Stürmer,Togo
,,,,
S. Kittel,Grasshopper Club Zürich,32,Mittelfeldspieler,Deutschland / Polen
,,,,
M. Keller,BSC Young Boys,22,Torhüter,Schweiz / England
,,,,
P. Kasami,FC Sion,32,Mittelfeldspieler,Schweiz
,,,,
S. Karweina,FC Luzern,25,Stürmer,Deutschland
,,,,
G. Karlen,FC St.Gallen 1879,30,Mittelfeldspieler,Schweiz
,,,,
S. Kapino,FC Winterthur,30,Torhüter,Griechenland
,,,,
D. Kamenovic,Yverdon Sport FC,24,Verteidiger,Serbien
,,,,
L. Kamberi,FC Zürich,25,Verteidiger,Schweiz / Kosovo
,,,,
J. Kadák,FC Luzern,24,Mittelfeldspieler,Slowakei
,,,,
A. Kade,FC Basel 1893,21,Mittelfeldspieler,Deutschland
,,,,
D. Kacuri,Yverdon Sport FC,21,Mittelfeldspieler,Schweiz / Kosovo
,,,,
L. Kabashi,Grasshopper Club Zürich,17,Stürmer,Schweiz
,,,,
A. Kabacalman,FC Sion,29,Mittelfeldspieler,Schweiz / Türkei
,,,,
B. Joseph,FC Sion,19,Mittelfeldspieler,Haiti / USA
,,,,
S. Janko,BSC Young Boys,29,Verteidiger,Gambia / Schweiz
,,,,
A. Jankewitz,FC Winterthur,23,Mittelfeldspieler,Schweiz / Kamerun
,,,,
C. Itten,BSC Young Boys,28,Stürmer,Schweiz
,,,,
N. Irankunda,Grasshopper Club Zürich,19,Stürmer,Australien
,,,,
K. Imeri,BSC Young Boys,24,Mittelfeldspieler,Schweiz / Kosovo
,,,,
S. Huber,FC Zürich,19,Torhüter,Schweiz
,,,,
T. Hottiger,FC Lausanne-Sport,19,Torhüter,Schweiz
,,,,
S. Hodza,FC Zürich,21,Verteidiger,Schweiz
,,,,
M. Hitz,FC Basel 1893,37,Torhüter,Schweiz
,,,,
N. Hefti,FC Sion,25,Verteidiger,Schweiz
,,,,
I. Hassane,Grasshopper Club Zürich,21,Mittelfeldspieler,Benin
,,,,
J. Hammel,Grasshopper Club Zürich,24,Torhüter,Schweiz
,,,,
K. Hajrizi,FC Sion,25,Verteidiger,Kosovo / Schweiz
,,,,
A. Hajdari,FC Lugano,21,Verteidiger,Schweiz / Kosovo
,,,,
J. Hadjam,BSC Young Boys,21,Verteidiger,Algerien / Frankreich
,,,,
L. Görtler,FC St.Gallen 1879,30,Mittelfeldspieler,Deutschland
,,,,
M. Gómez,FC Zürich,26,Verteidiger,Argentinien
,,,,
J. Guillemenot,Servette FC,27,Stürmer,Schweiz / Frankreich
,,,,
M. Grødem,Yverdon Sport FC,26,Mittelfeldspieler,Norwegen
,,,,
N. Grognuz,FC Sion,19,Verteidiger,Schweiz
,,,,
A. Grgic,FC Lugano,28,Mittelfeldspieler,Schweiz / Kroatien
,,,,
A. Grbic,FC Luzern,28,Stürmer,Österreich / Kroatien
,,,,
F. Goure,FC Zürich,22,Stürmer,Elfenbeinküste
,,,,
C. Gomis,FC Winterthur,24,Stürmer,Senegal / Spanien
,,,,
N. Godwin,FC Sion,21,Torhüter,Schweiz
,,,,
J. Gnakpa,Yverdon Sport FC,20,Verteidiger,Frankreich
,,,,
N. Glaus,Grasshopper Club Zürich,22,Torhüter,Schweiz
,,,,
R. Giger,FC Lausanne-Sport,27,Verteidiger,Schweiz
,,,,
W. Geubbels,FC St.Gallen 1879,23,Stürmer,Frankreich
,,,,
J. Gbamin,FC Zürich,29,Mittelfeldspieler,Elfenbeinküste / Frankreich
,,,,
J. Frick,Servette FC,31,Torhüter,Schweiz
,,,,
B. Freimann,FC Luzern,19,Verteidiger,Schweiz
,,,,
F. Frei,FC Winterthur,36,Mittelfeldspieler,Schweiz
,,,,
B. Fofana,FC Winterthur,26,Stürmer,Frankreich
,,,,
S. Fofana,FC Lausanne-Sport,21,Verteidiger,Frankreich / Elfenbeinküste
,,,,
C. Fiorini,FC Zürich,18,Mittelfeldspieler,Italien
,,,,
B. Fink,FC Basel 1893,21,Stürmer,Schweiz / England
,,,,
Rodrigo Conceição,FC Zürich,25,Verteidiger,Portugal
,,,,
Christian Marques,Yverdon Sport FC,22,Verteidiger,Portugal / Schweiz
,,,,
R. Fernandes,FC Luzern,21,Verteidiger,Schweiz
,,,,
B. Fazliji,FC St.Gallen 1879,25,Mittelfeldspieler,Kosovo / Schweiz
,,,,
T. Fayulu,FC Sion,25,Torhüter,Demokratische Republik Kongo / Schweiz
,,,,
C. Fassnacht,BSC Young Boys,31,Mittelfeldspieler,Schweiz
,,,,
K. Faber,FC St.Gallen 1879,27,Verteidiger,Deutschland
,,,,
U. Emmanuel,FC Zürich,20,Stürmer,Nigeria
,,,,
A. El Wafi,FC Lugano,20,Verteidiger,Marokko / Italien
,,,,
N. Dussenne,FC Lausanne-Sport,32,Verteidiger,Belgien
,,,,
A. Durrer,FC Winterthur,23,Mittelfeldspieler,Schweiz
,,,,
B. Dumrath,FC St.Gallen 1879,21,Torhüter,Deutschland / Schweiz
,,,,
M. Dubosson,FC Sion,20,Verteidiger,Schweiz
,,,,
O. Doumbia,FC Lugano,32,Mittelfeldspieler,Elfenbeinküste
,,,,
D. Douline,Servette FC,31,Mittelfeldspieler,Frankreich
,,,,
Daniel Dos Santos,FC Lugano,22,Mittelfeldspieler,Schweiz / Portugal
,,,,
P. Dorn,FC Luzern,28,Verteidiger,Deutschland
,,,,
D. Djokic,FC Sion,24,Stürmer,Schweiz / Bosnien-Herzegowina
,,,,
G. Diouf,FC Sion,21,Verteidiger,Senegal
,,,,
D. Diop,Yverdon Sport FC,26,Verteidiger,Senegal
,,,,
S. Diaby,FC Winterthur,25,Verteidiger,Elfenbeinküste
,,,,
A. Diaby,FC St.Gallen 1879,24,Verteidiger,Mali
,,,,
F. Diabaté,FC Lausanne-Sport,29,Stürmer,Mali / Frankreich
,,,,
M. Di Giusto,FC Winterthur,24,Mittelfeldspieler,Schweiz
,,,,
N. Di Giusto,FC Zürich,19,Mittelfeldspieler,Schweiz
,,,,
G. Dettoni,Grasshopper Club Zürich,19,Verteidiger,USA / Italien
,,,,
D. Denoon,FC Zürich,21,Verteidiger,Schweiz
,,,,
S. Decarli,Grasshopper Club Zürich,33,Verteidiger,Schweiz
,,,,
L. Daschner,FC St.Gallen 1879,26,Mittelfeldspieler,Deutschland
,,,,
B. Céspedes,Yverdon Sport FC,29,Mittelfeldspieler,Bolivien / Schweiz
,,,,
O. Custodio,FC Lausanne-Sport,30,Mittelfeldspieler,Schweiz / Portugal
,,,,
S. Cueni,FC Winterthur,23,Mittelfeldspieler,Schweiz
,,,,
K. Csoboth,FC St.Gallen 1879,24,Mittelfeldspieler,Ungarn
,,,,
E. Crivelli,Servette FC,30,Stürmer,Frankreich / Algerien
,,,,
P. Coulibaly,FC Zürich,16,Stürmer,Schweiz
,,,,
Baltazar Costa,FC Sion,24,Mittelfeldspieler,Brasilien
,,,,
Martim Marques,FC Lugano,21,Verteidiger,Portugal
,,,,
Abdu Conté,BSC Young Boys,26,Verteidiger,Portugal / Guinea-Bissau
,,,,
F. Conte,BSC Young Boys,19,Stürmer,Guinea / Frankreich
,,,,
E. Colley,BSC Young Boys,25,Stürmer,Gambia
,,,,
T. Cognat,Servette FC,27,Mittelfeldspieler,Frankreich
,,,,
M. Cissé,FC Basel 1893,21,Verteidiger,Frankreich / Mali
,,,,
M. Cisse,FC St.Gallen 1879,21,Stürmer,Guinea
,,,,
Marquinhos Cipriano,FC Sion,26,Verteidiger,Brasilien
,,,,
Y. Cimignani,FC Lugano,23,Mittelfeldspieler,Frankreich / Burkina Faso
,,,,
A. Ciganiks,FC Luzern,27,Verteidiger,Lettland
,,,,
M. Chouiar,FC Zürich,26,Mittelfeldspieler,Frankreich / Marokko
,,,,
I. Chouaref,FC Sion,24,Stürmer,Frankreich
,,,,
M. Choinière,Grasshopper Club Zürich,26,Mittelfeldspieler,Kanada
,,,,
L. Chipperfield,FC Sion,21,Mittelfeldspieler,Schweiz / Australien
,,,,
M. Chaiwa,BSC Young Boys,20,Mittelfeldspieler,Sambia
,,,,
S. Chader,FC Luzern,24,Mittelfeldspieler,Frankreich / Algerien
,,,,
T. Castella,FC Lausanne-Sport,31,Torhüter,Schweiz
,,,,
M. Camara,BSC Young Boys,27,Verteidiger,Guinea
,,,,
P. Büttiker,FC St.Gallen 1879,18,Verteidiger,Schweiz
,,,,
N. Burkart,FC Winterthur,25,Stürmer,Schweiz
,,,,
R. Buess,FC Winterthur,32,Stürmer,Schweiz
,,,,
K. Bua,FC Sion,31,Mittelfeldspieler,Schweiz / Spanien
,,,,
Y. Brecher,FC Zürich,31,Torhüter,Schweiz
,,,,
Z. Brault-Guillard,FC Lugano,26,Verteidiger,Kanada / Frankreich
,,,,
M. Bouriga,FC Sion,25,Stürmer,Marokko
,,,,
T. Bouchlarhem,FC Sion,23,Mittelfeldspieler,Frankreich / Marokko
,,,,
M. Bottani,FC Lugano,33,Stürmer,Schweiz
,,,,
A. Bojang,Grasshopper Club Zürich,20,Stürmer,Gambia
,,,,
J. Bock,FC Luzern,20,Torhüter,Deutschland
,,,,
L. Blum,BSC Young Boys,23,Verteidiger,Schweiz
,,,,
U. Bislimi,FC Lugano,25,Mittelfeldspieler,Schweiz / Kosovo
,,,,
Y. Bettkober,Grasshopper Club Zürich,19,Verteidiger,Deutschland
,,,,
L. Besson,Servette FC,22,Torhüter,Kosovo / Schweiz
,,,,
P. Bernardoni,Yverdon Sport FC,27,Torhüter,Frankreich
,,,,
T. Berdayes,FC Sion,22,Stürmer,Schweiz / Portugal
,,,,
L. Benito,BSC Young Boys,33,Verteidiger,Schweiz / Spanien
,,,,
V. Beniangba,Servette FC,21,Stürmer,Nigeria
,,,,
N. Beloko,FC Luzern,25,Mittelfeldspieler,Schweiz / Kamerun
,,,,
I. Beka,FC Luzern,25,Verteidiger,Kosovo / Schweiz
,,,,
C. Bedia,BSC Young Boys,28,Stürmer,Elfenbeinküste / Frankreich
,,,,
A. Baron,Servette FC,32,Verteidiger,Guadeloupe / Frankreich
,,,,
A. Baroan,FC Winterthur,24,Stürmer,Frankreich
,,,,
A. Barisic,FC Basel 1893,23,Verteidiger,Bosnien-Herzegowina / Kroatien
,,,,
F. Barba,FC Sion,31,Verteidiger,Italien
,,,,
M. Baradji,Yverdon Sport FC,24,Mittelfeldspieler,Frankreich / Mali
,,,,
M. Bangoura,FC Zürich,19,Mittelfeldspieler,Guinea
,,,,
S. Ballet,FC Zürich,23,Stürmer,Schweiz / Kamerun
,,,,
A. Balde,FC Lausanne-Sport,22,Stürmer,Guinea / Senegal
,,,,
A. Bajrami,BSC Young Boys,20,Torhüter,Schweiz / Kosovo
,,,,
L. Bajrami,FC Winterthur,19,Stürmer,Schweiz
,,,,
B. Babic,FC Lugano,27,Stürmer,Schweiz / Serbien
,,,,
Y. Aymon,FC Sion,22,Verteidiger,Schweiz
,,,,
L. Avdullahu,FC Basel 1893,21,Mittelfeldspieler,Schweiz / Kosovo
,,,,
A. Avdic,Yverdon Sport FC,20,Stürmer,Schweiz / Bosnien-Herzegowina
,,,,
M. Aubert,Servette FC,19,Torhüter,Schweiz / Marokko
,,,,
Z. Athekame,BSC Young Boys,20,Verteidiger,Schweiz / Nigeria
,,,,
D. Asiedu,FC Basel 1893,20,Verteidiger,Ghana
,,,,
R. Arnold,FC Winterthur,28,Verteidiger,Schweiz
,,,,
A. Arigoni,FC Lugano,26,Verteidiger,Schweiz
,,,,
A. Antunes,Servette FC,24,Mittelfeldspieler,Schweiz
,,,,
S. Ambrosius,FC St.Gallen 1879,26,Verteidiger,Ghana / Deutschland
,,,,
I. Aliseda,FC Lugano,24,Stürmer,Argentinien
,,,,
M. Aké,Yverdon Sport FC,24,Mittelfeldspieler,Frankreich / Elfenbeinküste
,,,,
C. Akolo,FC St.Gallen 1879,29,Stürmer,Demokratische Republik Kongo
,,,,
A. Ajeti,FC Basel 1893,27,Stürmer,Schweiz / Albanien
,,,,
A. Ajdini,FC Lausanne-Sport,25,Stürmer,Kosovo / Schweiz
,,,,
D. Afriyie,FC Zürich,23,Stürmer,Ghana
,,,,
J. Adjetey,FC Basel 1893,21,Verteidiger,Ghana
,,,,
K. Adams,Servette FC,29,Verteidiger,Ghana
,,,,
A. Abrashi,Grasshopper Club Zürich,34,Mittelfeldspieler,Albanien / Schweiz
,,,,
D. Abels,Grasshopper Club Zürich,27,Verteidiger,Niederlande